path	bytes	sha256
.gitignore	132	44896acffef40b468c7212ff7dd8d03c771f03f0674efd8e56b558e3a7eb6c1d
data/agent_prompts_meetings_decisions/agent_prompt_decision_archive.zip	2756601	853c0ce06841faa3b341c89dee19ce57aa11ca82b6d2ab120cdd519a10e1fac2
data/agent_prompts_meetings_decisions/agent_prompt_decision_archive/locked_recommendation_record.md	6035	4d526578803d1de2302339272d9a9056a78ba7e0e9ebd6bec8e93381f8cb193d
data/agent_prompts_meetings_decisions/agent_prompt_decision_archive/prompt_archive_manifest.tsv	3085	c4d187a55ddf063bd4c4608c6e94c6a9c52ca15e1a875479adb69fe0cf7b8c31
data/agent_prompts_meetings_decisions/agent_prompt_decision_archive/prompt_families_summary.md	2175	0f22f191b20f8c04a6b71da04e25b8012876b308a93dfede9f8da418c58443e3
data/agent_prompts_meetings_decisions/agent_prompt_decision_archive/README.md	1347	53636c5c4cca021c6fdb4fa157ddb94ecf2544aad0766d0f47245b3ab4bde6d1
data/agent_prompts_meetings_decisions/agent_prompt_decision_archive/retained_discussion_records/execution_planning/discussion_1.json	327557	b31b44e0e75dbef8fe87e309f0c9518c1c6d25a6b2b437a2bb75968c47f1cfa4
data/agent_prompts_meetings_decisions/agent_prompt_decision_archive/retained_discussion_records/execution_planning/discussion_1.md	324875	937e30d8660bccf4d8c5c32b40a25100808f2d8087e31bbeeb94e9684aee5939
data/agent_prompts_meetings_decisions/agent_prompt_decision_archive/retained_discussion_records/execution_planning/discussion_2.json	362555	07e2bee8893d5f6927c954c5f59455ba54cc96fb62500a3fc9d092f1f98938b4
data/agent_prompts_meetings_decisions/agent_prompt_decision_archive/retained_discussion_records/execution_planning/discussion_2.md	359759	802ab4e72829706b40a7fbb529dff6cde6b672a8bcc98092b19716c98a85c261
data/agent_prompts_meetings_decisions/agent_prompt_decision_archive/retained_discussion_records/execution_planning/discussion_3.json	352761	b24bc7da0399fcf3023a9998d50eb184c5d6c4d2f405f9a213115e92b6e376dc
data/agent_prompts_meetings_decisions/agent_prompt_decision_archive/retained_discussion_records/execution_planning/discussion_3.md	350399	672b0902b9cf713671f949641103d918dd627f4a86e885be65450a6dfaf3f131
data/agent_prompts_meetings_decisions/agent_prompt_decision_archive/retained_discussion_records/execution_planning/merged.json	353574	c1a519f461a202e32e0e0bfcde6a4cbc0404721fa57d585fd08d7d7b0d065c78
data/agent_prompts_meetings_decisions/agent_prompt_decision_archive/retained_discussion_records/execution_planning/merged.md	350893	9304c9bfb4c503bcfcd2884f9387353dcff2b8d9951cb56fd1c0905645953c30
data/agent_prompts_meetings_decisions/agent_prompt_decision_archive/retained_discussion_records/iteration1_discussion/discussion_1.json	281376	e275fa7f134b76b346882a87c3446ea795ad248db5efeafaa8f83d415102adb0
data/agent_prompts_meetings_decisions/agent_prompt_decision_archive/retained_discussion_records/iteration1_discussion/discussion_1.md	278312	ee2463acc7aa70457e770998e1b05ca634ed84792f85911568c2b0147cd0b240
data/agent_prompts_meetings_decisions/agent_prompt_decision_archive/retained_discussion_records/iteration1_discussion/discussion_2.json	306832	b0d5551c7960970466f1cbdc423e96c757f5986650123184fbfd55e24ccf2dc0
data/agent_prompts_meetings_decisions/agent_prompt_decision_archive/retained_discussion_records/iteration1_discussion/discussion_2.md	303760	3ae925488e6a1d549138b8102602fe62a374c4900eb2e37d683e472dfb512e49
data/agent_prompts_meetings_decisions/agent_prompt_decision_archive/retained_discussion_records/iteration1_discussion/discussion_3.json	315906	1bf8d578ba722cb5e9e7193410e34f2875ad5ace451c04a34320f52c5a83416b
data/agent_prompts_meetings_decisions/agent_prompt_decision_archive/retained_discussion_records/iteration1_discussion/discussion_3.md	312834	d87aac4784a5037caa80337868ff41157ba16e365a62af0954b5753979fe4d67
data/agent_prompts_meetings_decisions/agent_prompt_decision_archive/retained_discussion_records/iteration1_discussion/merged.json	243953	297766ee38ef0191d9217cd9056d09ac5131721de6a9d0a6fd62d887ac1d956a
data/agent_prompts_meetings_decisions/agent_prompt_decision_archive/retained_discussion_records/iteration1_discussion/merged.md	242054	6bccf47160e488c5313c06101289b0b4fd2bffac7b5021e5cd1b0dfa510af9d0
data/agent_prompts_meetings_decisions/agent_prompt_decision_archive/retained_discussion_records/project_specification/discussion_1.json	301094	0097542c19deacc7d08fa36c6196794ef3a59aa1c95c7ebe4d1733c0c345a592
data/agent_prompts_meetings_decisions/agent_prompt_decision_archive/retained_discussion_records/project_specification/discussion_1.md	298644	aba689053395e5b6ebe0dfd02876049152f2a36a3e5da4c7c765978db9ed8747
data/agent_prompts_meetings_decisions/agent_prompt_decision_archive/retained_discussion_records/project_specification/discussion_2.json	258926	63608b32027b72fc6a14eca6b32b98026503ba99555796a03b71d9cc815bc713
data/agent_prompts_meetings_decisions/agent_prompt_decision_archive/retained_discussion_records/project_specification/discussion_2.md	256290	4bc0138e5b510c66315f01b8795f05f884302d129b2749dde383ea081ba45b0f
data/agent_prompts_meetings_decisions/agent_prompt_decision_archive/retained_discussion_records/project_specification/discussion_3.json	302200	f85f7360b4837f9b938e669e9d79724353713382b7b328d0e0934e4afa71d97b
data/agent_prompts_meetings_decisions/agent_prompt_decision_archive/retained_discussion_records/project_specification/discussion_3.md	299782	bf348370f90cdcf3d2de035521788a2e8327563fd2c29745368615e29314c560
data/agent_prompts_meetings_decisions/agent_prompt_decision_archive/retained_discussion_records/project_specification/merged.json	318200	1f57d51ffb9e14f6f9e7f07bfe50fade45d673481bce04832a81f6b236b4ba0e
data/agent_prompts_meetings_decisions/agent_prompt_decision_archive/retained_discussion_records/project_specification/merged.md	316455	ccf56098c8ba0b1ad2bdf386ecc56cd0cae01074f541fc84a63ee025b3f3746f
data/agent_prompts_meetings_decisions/agent_prompt_decision_archive/retained_discussion_records/team_selection/discussion_1.json	44757	e69887f491e96b9efe05828364e76f1e96e330f31051c2202e7ee5ddd65be08a
data/agent_prompts_meetings_decisions/agent_prompt_decision_archive/retained_discussion_records/team_selection/discussion_1.md	44278	c75c4965560a5d55e4fe4f0ef929e9ba7d2da4250685b9ccc24b0a42977676b1
data/agent_prompts_meetings_decisions/agent_prompt_decision_archive/retained_discussion_records/team_selection/discussion_2.json	45469	fc655090adf811143c2986325154189849f64567c62f71ad1d3e49d087730792
data/agent_prompts_meetings_decisions/agent_prompt_decision_archive/retained_discussion_records/team_selection/discussion_2.md	45014	474fbe2f6dbdf5c2237c71f53dcb79e8461bd578f3364bf7ca4bd189c1e40aa6
data/agent_prompts_meetings_decisions/agent_prompt_decision_archive/retained_discussion_records/team_selection/discussion_3.json	44319	24fa43f8917ae91b305a97110b8c7eed4889768fe8a76509d75634b100bbf0cc
data/agent_prompts_meetings_decisions/agent_prompt_decision_archive/retained_discussion_records/team_selection/discussion_3.md	43872	3b9d711ab4d2c4714aba2af19f7f04d27fd63c598c2b4c9477ee172b30aa4967
data/agent_prompts_meetings_decisions/agent_prompt_decision_archive/retained_discussion_records/team_selection/merged.json	31374	43672b4cef4fed86ca3308849e07a3b1a95a29eb8cceccdaf9086a8c1bb01cad
data/agent_prompts_meetings_decisions/agent_prompt_decision_archive/retained_discussion_records/team_selection/merged.md	30737	633c04d99c833abf18eb31f4a65a53493801d848e60c5d8db220472e709cbbac
data/agent_prompts_meetings_decisions/agent_prompt_decision_archive/retained_discussion_records/tools_selection/discussion_1.json	305386	b26d9c1938b5225bd992718a68dd07d1a9653500cab5463c4976eb63f31de726
data/agent_prompts_meetings_decisions/agent_prompt_decision_archive/retained_discussion_records/tools_selection/discussion_1.md	302356	8d6d1e5cb01edc40e4fcf29ecfbbffb6276c22dd828a5fe8e15d7622c93ad6e7
data/agent_prompts_meetings_decisions/agent_prompt_decision_archive/retained_discussion_records/tools_selection/discussion_2.json	321086	25c4fef51b4f7ff3c5e027a95200f7982aafcb6ffdc694c39d2087b5f9e03742
data/agent_prompts_meetings_decisions/agent_prompt_decision_archive/retained_discussion_records/tools_selection/discussion_2.md	317496	c7abe016e5f0191c9f8b1ad325b7a424394641373bf5c63d111cc1c5a0045276
data/agent_prompts_meetings_decisions/agent_prompt_decision_archive/retained_discussion_records/tools_selection/discussion_3.json	308396	8f35204ece0cc71a3395ad7533062d99a69ded91a7d17f96e8f41b3eaf1024f3
data/agent_prompts_meetings_decisions/agent_prompt_decision_archive/retained_discussion_records/tools_selection/discussion_3.md	305186	ebcdb6871894aaa99c275538cd22d3414293dda78879c424635b2d1079488966
data/agent_prompts_meetings_decisions/agent_prompt_decision_archive/retained_discussion_records/tools_selection/merged.json	275078	f157df66a72decbceb63879205eeb8a9fd2823ebc0d60bef9d8413afc0c62ff1
data/agent_prompts_meetings_decisions/agent_prompt_decision_archive/retained_discussion_records/tools_selection/merged.md	272441	f7e8815ba63d0cacb6a3a15913d66c7722bc36c94f57632096697e4fa5162e5e
data/agent_prompts_meetings_decisions/agent_prompt_decision_archive/retained_discussion_records/wetlab_feedback/discussion_1.json	217035	27510ff82c2017785c507ec9358dad3f1415d8bb8ff6a1ca6a8aa69f7962d5c9
data/agent_prompts_meetings_decisions/agent_prompt_decision_archive/retained_discussion_records/wetlab_feedback/discussion_1.md	214307	ac103ef7d5f26812259d823b3d3a1366bb36d1419bbc8752642c2f483ef33b6c
data/agent_prompts_meetings_decisions/agent_prompt_decision_archive/retained_discussion_records/wetlab_feedback/discussion_2.json	242477	867f97b0e7c2b1a652d50e6ea74cfec06fc7e505c31ecb890e44b70c3aefd1cb
data/agent_prompts_meetings_decisions/agent_prompt_decision_archive/retained_discussion_records/wetlab_feedback/discussion_2.md	239879	d7ce39e09b67c5f8b71e1415153e930f43d3879ce7ea5c8be6c91e1ee74e3b40
data/agent_prompts_meetings_decisions/agent_prompt_decision_archive/retained_discussion_records/wetlab_feedback/discussion_3.json	223087	cbaee1c9607f82e86cd0740cd9afb0ed420ff99fcff9002954a057053ed8848f
data/agent_prompts_meetings_decisions/agent_prompt_decision_archive/retained_discussion_records/wetlab_feedback/discussion_3.md	220819	b49ed390813d121efd33d4403842a7e3119b5d5f02a5f579f4eb0d844df3cc05
data/agent_prompts_meetings_decisions/agent_prompt_decision_archive/retained_discussion_records/wetlab_feedback/merged.json	76958	498801dc39ff00aa567b897e4e9b68549b051e72751c32fcd39e4a1096d9f984
data/agent_prompts_meetings_decisions/agent_prompt_decision_archive/retained_discussion_records/wetlab_feedback/merged.md	76272	8fbf52fc07550fde5fa8895bc62096dc00895029554dbd832a7ef8c3d2605418
data/agent_prompts_meetings_decisions/agent_prompt_decision_archive/retained_discussion_records/wetlab_feedback_80%/discussion_1.json	197799	114aa09dbec15e0216d6a00ca01c33e72d955232252c20202bea74df10b6ffb8
data/agent_prompts_meetings_decisions/agent_prompt_decision_archive/retained_discussion_records/wetlab_feedback_80%/discussion_1.md	195619	316220e0aada4c55ce1a14a8ad19b5f229ec630525963d8d3869b6c586d23dc6
data/agent_prompts_meetings_decisions/agent_prompt_decision_archive/retained_discussion_records/wetlab_feedback_80%/discussion_2.json	193823	5152c2c8a4950ab6bd86d00e502c4c60edfc46d8457186758896c40677f46b15
data/agent_prompts_meetings_decisions/agent_prompt_decision_archive/retained_discussion_records/wetlab_feedback_80%/discussion_2.md	191513	5994063fe8508cafa329d3d88101ab292d5de428ba72c2839d7226d7a6f66364
data/agent_prompts_meetings_decisions/agent_prompt_decision_archive/retained_discussion_records/wetlab_feedback_80%/discussion_3.json	208173	04384e9bf030d03f9f1f88cd6108c53d014e4482e6581bf971190c9267391a03
data/agent_prompts_meetings_decisions/agent_prompt_decision_archive/retained_discussion_records/wetlab_feedback_80%/discussion_3.md	205737	59410f0d97cd35a1ec6070eb38ad3ee4753d2d624ee7e03b710c286f5a52e9d7
data/agent_prompts_meetings_decisions/agent_prompt_decision_archive/retained_discussion_records/wetlab_feedback_80%/merged.json	109125	4164021fc396d83043afd38852536689e80a9285d04bddcc7b0f85289bdd96f3
data/agent_prompts_meetings_decisions/agent_prompt_decision_archive/retained_discussion_records/wetlab_feedback_80%/merged.md	108197	109a8dd63ad2551af9252958f183ea592dc91415b27e73149f03643aeb52175b
data/agent_prompts_meetings_decisions/agent_prompt_decision_archive/retained_discussion_records/wetlab_feedback_80%v2/discussion_1.json	178849	2ef999b11e55d10f055cc6946e1b82f51d36538461cba76f0c92f3daaf385b00
data/agent_prompts_meetings_decisions/agent_prompt_decision_archive/retained_discussion_records/wetlab_feedback_80%v2/discussion_1.md	176453	e8c2dad5740b703d7af070b6d9b95d9e6673c56356e3c7ee2b5b59ff6685dc8e
data/agent_prompts_meetings_decisions/agent_prompt_decision_archive/retained_discussion_records/wetlab_feedback_80%v2/discussion_2.json	202641	bfdeb34413f65d332d6f1e11a9eeeaac2029acc3c840962f4d8fce50943d497f
data/agent_prompts_meetings_decisions/agent_prompt_decision_archive/retained_discussion_records/wetlab_feedback_80%v2/discussion_2.md	200339	f0a79f5c1380720d9432ac92e732977cecea0e9d61b43160d1ad4050dbe017bb
data/agent_prompts_meetings_decisions/agent_prompt_decision_archive/retained_discussion_records/wetlab_feedback_80%v2/discussion_3.json	189851	223bf3f70e9d92d3a2f41fcf8f7df2580dd1a39e016d9cb72660cde8e94498fe
data/agent_prompts_meetings_decisions/agent_prompt_decision_archive/retained_discussion_records/wetlab_feedback_80%v2/discussion_3.md	187667	a8de5e5e5a8f581f58c34f3953615a41df6d0bccb6e1d6fce0c4e16d07c23d1f
data/agent_prompts_meetings_decisions/agent_prompt_decision_archive/retained_discussion_records/wetlab_feedback_80%v2/merged.json	72322	574d7c9232e2c5b2b2b859f74f97ec419131c28f4a8890663bc354fb94590356
data/agent_prompts_meetings_decisions/agent_prompt_decision_archive/retained_discussion_records/wetlab_feedback_80%v2/merged.md	71590	620eda496464702d6e0595cac79bed017f467fbe08dca46e01bc1a63f5b568bf
data/agent_prompts_meetings_decisions/agent_prompt_decision_archive/retained_discussion_records/wetlab_feedback_90%/discussion_1.json	282237	f2673a8e1d06d189164bf88f45353483f81e08822a16de4841514ebd7005374e
data/agent_prompts_meetings_decisions/agent_prompt_decision_archive/retained_discussion_records/wetlab_feedback_90%/discussion_1.md	279557	9b8dd3c49ef8945967288cb9d105cad65622e03f6db150fa58ecfd6cdeb3295c
data/agent_prompts_meetings_decisions/agent_prompt_decision_archive/retained_discussion_records/wetlab_feedback_90%/discussion_2.json	249179	7f9a7be6256cbd16e4df7e288ab6df68e4f8ae99a9fd7f30918b1dd6cb5bcea0
data/agent_prompts_meetings_decisions/agent_prompt_decision_archive/retained_discussion_records/wetlab_feedback_90%/discussion_2.md	246499	b51cfa248b63dd67d3b10e9baa93dd7366da4d7972f3d9402b7d1df9e437cab6
data/agent_prompts_meetings_decisions/agent_prompt_decision_archive/retained_discussion_records/wetlab_feedback_90%/discussion_3.json	205605	a0e49e871eec32463f45c8e64a9baab5f2bcf2435f069acbf95966b3de948ff5
data/agent_prompts_meetings_decisions/agent_prompt_decision_archive/retained_discussion_records/wetlab_feedback_90%/discussion_3.md	203323	19ef9d875927aea50f5626c148ee65f65530b2116cee8f81528b42d377abb96d
data/agent_prompts_meetings_decisions/agent_prompt_decision_archive/retained_discussion_records/wetlab_feedback_90%/merged.json	101226	8ee34bc283c470ba25bc60754c0671bad096fc9fb6bd33aabf44020d5b85d47b
data/agent_prompts_meetings_decisions/agent_prompt_decision_archive/retained_discussion_records/wetlab_feedback_90%/merged.md	100342	dfab22fd73ebaed55adb9edd8a04c680b701dbdec13faadde07d672ca29f3339
data/agent_prompts_meetings_decisions/agent_prompt_decision_archive/retained_discussion_records/wetlab_runsheet_generation/discussion_1.json	301021	471f226398da6a0463b214db35c72cbc59bb6686b6f2a790afe706d3f2aba868
data/agent_prompts_meetings_decisions/agent_prompt_decision_archive/retained_discussion_records/wetlab_runsheet_generation/discussion_1.md	298285	6b61478b1751973cda7541010dce45556dccfcdfce9e69f00549f934395866c8
data/agent_prompts_meetings_decisions/agent_prompt_decision_archive/retained_discussion_records/wetlab_runsheet_generation/discussion_2.json	358519	0d33739442a3f7c4819834d9b340d904f5e66984230569cee505a89522f51283
data/agent_prompts_meetings_decisions/agent_prompt_decision_archive/retained_discussion_records/wetlab_runsheet_generation/discussion_2.md	355303	f5b13f7f5212685a5becee80bd037cc52b86f8aec71c02300f1f7741cfd266c4
data/agent_prompts_meetings_decisions/agent_prompt_decision_archive/retained_discussion_records/wetlab_runsheet_generation/discussion_3.json	305467	eb898844a9c7baa96ca05b1dd283c757a08d3fd3efd2e0f7779e50a5894ef43d
data/agent_prompts_meetings_decisions/agent_prompt_decision_archive/retained_discussion_records/wetlab_runsheet_generation/discussion_3.md	302549	02d7374a9416caed49af1d46a193812c802953c377f5af1cc9543d46d8f9440b
data/agent_prompts_meetings_decisions/agent_prompt_decision_archive/retained_discussion_records/wetlab_runsheet_generation/merged.json	256004	e7bb876084a02f448e481fe609a93a5999372d5136a6c5adf313cdbc0b783762
data/agent_prompts_meetings_decisions/agent_prompt_decision_archive/retained_discussion_records/wetlab_runsheet_generation/merged.md	254593	ce2a587684f7cd574b6a52d8dd27acd54d365bf66bd763f937cca3dac4756feb
data/bepipred_data/bepipred_interactive_plots_68FB448E000C1E20E46E9B35.html	1546427	12d32c4da5a4c352da8e0f0c1094f99d054c907e1a7968eb8b9e7c9916089cfe
data/bepipred_data/bepipred3_results.zip	18189	6086a97532e97fd5930e1724f94ad95797a5d36d76c242fdeda1d8f738333b04
data/bepipred_data/bepipred3_results/Bcell_epitope_preds.fasta	225	0618228b2b1c8d6aedf19622782430f3b7e9c0fe6211c3564197988212c34d56
data/bepipred_data/bepipred3_results/Bcell_epitope_top_50pct_preds.fasta	225	3898314383848b6b1285f6dce79d4fa1686bb8255c58d939fcb7684f2e472fed
data/bepipred_data/bepipred3_results/Bcell_linepitope_top_50pct_preds.fasta	225	9a8a48bc241ed516b785ac82419d574ed01526e41cb05ca4e4638478eeeb9b5e
data/bepipred_data/bepipred3_results/raw_output.csv	16964	00430acfbccf11453c7e07640aa4ad5581a024536d40d5076571a261a54e9de2
data/bepipred_data/rcsb_pdb_1BSQ.fasta	226	04fed593375158e2e5856ac1bfeb67750fe538e46d57bb9fe9f2f4f98fa22643
data/netglycate_data/beta_lg_a.fasta	226	04fed593375158e2e5856ac1bfeb67750fe538e46d57bb9fe9f2f4f98fa22643
data/netglycate_data/glycation_sites.txt	223	c0a80f2a463142ea83a763b3315927d9f8bdd1a722749275377b32e8f7809a8d
data/netglycate_data/netglycate_results.csv	270	ebe7b28871463317c4046f0dd24b4803af00e57f2086be3b9bffb1abc3988fb0
data/paper_data/24_run_condition_result_matrix.xlsx	9555	0204ade9371bdc95b6628c89b32cc22103830d55834403c35217394235d36ddd
data/paper_data/condition_envelope_grouped_levels.csv	1592	87afbb6aedfd8247d8d632926fc28fbe10999400be30b7d2e481ac3d2a9ee3cd
data/paper_data/filled_run_mapping_results_v3.xlsx	17138	4dfeced8e4b5a5ada80260bcbf43257f725553cadabd3efc6d861139b6aac141
data/paper_data/Paper_run_data.computed.jsonl	257760	19b43434e291deae5e8a5938836a5fd09f6a83596021d246c60f72a0b9a69f8c
data/paper_data/Paper_run_data.computed_V2.jsonl	258353	00bb324f05665fcf97bdfe423c1fa956a3a2544446f5af5fd864a8a3656b8d8f
data/paper_data/Paper_run_data.computed_V2.selected_fields_table.csv	7690	ee12447a4f98cd3329e2dc6a408af03f31e1d58db6c919379953476367fdd4a8
data/paper_data/Paper_run_data.jsonl	240318	2607a3f671fbea0d47b611aa3801802d492bf611c8be969c67f17beb6241d940
data/paper_data/reduction_compute_report.txt	481	3231007846d41a1fc7e0cec5de0d170003703b3fc900f99aba01234ab575f597
data/paper_data/reduction_fill_summary.txt	855	f8a426c6462ac66dbcbcf089fd85480b3a5e15d5f6940969404d9e086b75fb91
data/paper_data/wetlab_20260319_extracted.jsonl	87827	0e5b4ff0bab869e0a14ed973d26c6274ac0bfbb0056b3c914b988bd1799530db
data/paper_data/wetlab_20260319_extracted_v2.jsonl	92988	db3b25240f2235f8fa60a1152cbd7c8a67300d89211006051ac2c066a09b0c7f
data/paper_data/wetlab_20260320_agent_feedback.jsonl	10880	214d85c4753b99c462eda471a123c9be565154e5e6bd0253fecbbbf0eb819418
data/paper_data/wetlab_20260320_agent_feedback_v2.jsonl	11076	888e4eaeead1df01a3d53127651228ea8992bbb01a5bf25a1310a18952e6a191
data/paper_data/wetlab_data_3.5.jsonl	37532	dc0d4701df73c74d98890eca0f900f239d475cddf2588208e01af993baa4ee01
data/raw_wetlab_workbooks/2025.12.12 β-Lg-IgG-U-阿拉伯糖-糖基化-数据处理完整版.xlsx	47082	a674d74e4e904b544c61d76ff39fb8a47d82ac743077eb737c84c979cbde6991
data/raw_wetlab_workbooks/2026.1.21 β-Lg-糖基化-致敏.xlsx	53318	7b9fb715d4adee748fc6b2c04bcbc89bcef34bbcf890727e597f6d35c41f0880
data/raw_wetlab_workbooks/2026.3.19-单糖二糖-糖基化-数据整理.xlsx	24527	1ee83fdc07eb365a07a8c7ec022f4ede0b850b31c73925462054b0f09b0fd574
data/raw_wetlab_workbooks/2026.3.20-RPBG-4h-糖基化.xlsx	51472	509b19ada0c8e8eaaef1a5bffea269d945f3bd414821d74cdbd71cbcafb43544
data/raw_wetlab_workbooks/ELISA-2026.6.15.xlsx	17634	b3962f7c38887de7d74a1d80d5f99cfa3b76ce445463f4aa0bc518cad26d2599
data/raw_wetlab_workbooks/extracted_runs.jsonl	31214	542f7e19b336aabb178d498ff0c77ec92c262eebfb5ed85f0e73f4e56f3a3154
data/raw_wetlab_workbooks/extracted_runs_v3.jsonl	37532	dc0d4701df73c74d98890eca0f900f239d475cddf2588208e01af993baa4ee01
data/raw_wetlab_workbooks/filled_run_mapping_results.xlsx	13122	865072611da8ba1328f7b2e07328de12144b4fec4f8f2090590ab9c7c6696c36
data/raw_wetlab_workbooks/filled_run_mapping_results_v2.xlsx	15902	18476cc403a7cabb9ebcab79964313be7a5fc57d8c8ac87aad80cfbaf3e4249d
data/raw_wetlab_workbooks/filled_run_mapping_results_v3.xlsx	17138	4dfeced8e4b5a5ada80260bcbf43257f725553cadabd3efc6d861139b6aac141
data/raw_wetlab_workbooks/glycation_results_organized_2026-06-26.xlsx	302553	e8d411d67743befaa51efbe0c22d5669dc29cded48e3066abb3cf55b4028749f
data/Source_Data.xlsx	50100	7cf209282d6c734ec541d07b6f675f288a547dc3a245ba7a0220d066153f80c0
EXCLUDED_FILES.md	1958	5a80dabbf7849c31976d22a877f6faf567d83285e62aa3996b5ab2aa85883b7b
Knowledge_Extraction/extract_literature_with_api.py	10696	7ee3ccac70d31f87740485f2784d7e0c135fe00fdde28fce0b77a79a2103915d
Knowledge_Extraction/literature_evidence_extraction_prompt.md	6803	d4ea5ea83cf15d6a44fd855fc8fed51dd0a537aa2806cc1afe4ec843041ad43e
Knowledge_Extraction/README.md	2657	bed92b32f8a429f86de1c8aed1c854f50fcc6eeab6dc8cfc8bbbf64399208f53
Knowledge_Extraction/summarize_reduction_pct_fill.py	3459	5d0d1d7a686c71f39c670aea2d36158efa31ef0f674303e8410edd670a25c183
LICENSE	1090	c354bb36f236e16d359ad2a977e136e79d17e134a8408e3d6bf6ec0f1a44eb04
protein_design/figures/evidence_stats/bepipred_panel_c.pdf	11694	8dd40ba82a3c232e13638c63db005cf00fbb8c5c5c407b2674b67f663aa0e64d
protein_design/figures/evidence_stats/bepipred_panel_c.png	159121	8d8b52eba7701e970eac10f0e1e308c4b6f2556cf1a0bcab24820a4c36add2cf
protein_design/figures/evidence_stats/bepipred_panel_c.svg	21766	cf905d8438b617e4ffec0d206692bf75a3769a12deb627da9fe0cb51cd20530f
protein_design/figures/evidence_stats/Figure_2c.pdf	11694	8dd40ba82a3c232e13638c63db005cf00fbb8c5c5c407b2674b67f663aa0e64d
protein_design/figures/evidence_stats/Figure_2c.png	159121	8d8b52eba7701e970eac10f0e1e308c4b6f2556cf1a0bcab24820a4c36add2cf
protein_design/figures/evidence_stats/Figure_2c.svg	21766	cf905d8438b617e4ffec0d206692bf75a3769a12deb627da9fe0cb51cd20530f
protein_design/figures/evidence_stats/Figure_2d.pdf	4331	033b1aca4e4ee42ba6da704a3de6c0179e01471efacf128e63bef7f250d5b18f
protein_design/figures/evidence_stats/Figure_2d.png	126469	feacbc075dfb7e45492f454c680d226c513b84484b23f6f7f7d691d13af26f00
protein_design/figures/evidence_stats/Figure_2d.svg	9660	baae3e6e884e2ed1409e854ba2cc6e2a26607e800d08b82bcf1b943997040f30
protein_design/figures/evidence_stats/mode_donut.svg	1519	70a191256d9c265e2ba1d2da748bbbd73c88d5fa7d43786ce708e7340a9f71e4
protein_design/figures/evidence_stats/netglycate_panel_d.pdf	4331	033b1aca4e4ee42ba6da704a3de6c0179e01471efacf128e63bef7f250d5b18f
protein_design/figures/evidence_stats/netglycate_panel_d.png	126469	feacbc075dfb7e45492f454c680d226c513b84484b23f6f7f7d691d13af26f00
protein_design/figures/evidence_stats/netglycate_panel_d.svg	9660	baae3e6e884e2ed1409e854ba2cc6e2a26607e800d08b82bcf1b943997040f30
protein_design/figures/evidence_stats/netglycate_panel_d_matplotlib.svg	21040	da2870c7ee4b2aa195bc3cc0899d9a74c446af7c073f4f3934c461265ba571e6
protein_design/figures/evidence_stats/overview_counts_bar.svg	4547	ef05d516cd058ad83c9d4a149479f9e41aca03d63115775abc2579905e8d041d
protein_design/figures/evidence_stats/pretreatment_all_records_donut.svg	1242	19f6f75a4e719811b0ed431ebc177811e26c35801a0b06daef96f9e3242d109e
protein_design/figures/evidence_stats/pretreatment_treatment_records_donut.svg	1248	1adc14bb05445d2f0910a40778113b6f722fc0e417aa5640d82b51884410dcbb
protein_design/figures/evidence_stats/record_type_donut.svg	1240	46e38d6a3121a0eace00af43e136fab78d312cd3ef6957b53d6d69db73690621
protein_design/figures/evidence_stats/reduction_availability_donut.svg	1243	8f5c9f63fd690f4d294c81a5701e9189dc7481e16b567eac3da54a5f52344331
protein_design/figures/evidence_stats/reduction_thresholds_bar.svg	3028	1208f7246fa98216755cb1ea1a3332d13871ef2e787a1f5603ef06721642c423
protein_design/figures/evidence_stats/top_assays_bar.svg	6381	d5c7b7979928bdf2b7205670849ab7b78c3e13357c1a04e7a80ec5c5b0417c15
protein_design/figures/evidence_stats/top_donors_bar.svg	6241	883884dc1a1dcb76b4facbad16bd5cc19f59fed218d9f3d6e50a7d232c9daf69
protein_design/figures/evidence_stats/top_metrics_bar.svg	6360	9162c40c9daa6127f0bfe1da70e5dbffab3e3d592b197213d67d1c4fac50ae09
protein_design/figures/supplementary_wetlab_landscape_options/individual_donor_bar_panels/donor_bar_panel_arabinose.pdf	33338	263e310fb1a1d05d833dcc3e3f1c58975a922dde5f5a8fa31f257dd5fccaf0ac
protein_design/figures/supplementary_wetlab_landscape_options/individual_donor_bar_panels/donor_bar_panel_arabinose.png	21829	c7811f0f68c2284b5866a36fb659433bfe12ee3eb18ca31de15330275b59b6ea
protein_design/figures/supplementary_wetlab_landscape_options/individual_donor_bar_panels/donor_bar_panel_cellobiose.pdf	31538	80cdad4b4fbe60c95c73feb5c59cdd22c0ce622ee45d94757fb2935fc0eefdcf
protein_design/figures/supplementary_wetlab_landscape_options/individual_donor_bar_panels/donor_bar_panel_cellobiose.png	20596	ee5184f608f4259c82db1fb0d9c7bf834b85fc7b01208ce5323a9d787154a250
protein_design/figures/supplementary_wetlab_landscape_options/individual_donor_bar_panels/donor_bar_panel_fructose.pdf	32526	bc45803787eb75f5bd631bab33a73129129a2b8af217023ea5bb8827fbef79c1
protein_design/figures/supplementary_wetlab_landscape_options/individual_donor_bar_panels/donor_bar_panel_fructose.png	21400	1bdd1598072f38d160002b6ebe692a81cd1b67599de9d1ecc7866383965fa5c5
protein_design/figures/supplementary_wetlab_landscape_options/individual_donor_bar_panels/donor_bar_panel_galactose.pdf	33891	414862b0519927f0b2a1ddf2b0f5bf114d99e8aa6a73d63da6f516a287e15f55
protein_design/figures/supplementary_wetlab_landscape_options/individual_donor_bar_panels/donor_bar_panel_galactose.png	22562	10b0b731422570dce2fd9c43a5d1945810c2fb07a1eb99558118ab71f106f853
protein_design/figures/supplementary_wetlab_landscape_options/individual_donor_bar_panels/donor_bar_panel_glucose.pdf	32468	aa8bc7a43831241eea0e95fbf01a40f1ecb4b8d7fab82ab014b7bedf0012fb81
protein_design/figures/supplementary_wetlab_landscape_options/individual_donor_bar_panels/donor_bar_panel_glucose.png	21249	847c3e5ab02601b61046465097e9fc687864f8ee5d02d6a0830f884d1894548e
protein_design/figures/supplementary_wetlab_landscape_options/individual_donor_bar_panels/donor_bar_panel_lactose.pdf	32630	1f4235a83827cc6dcf7c5a2db9f8b253427c985a6198ce1639a2e9e2d9fe878a
protein_design/figures/supplementary_wetlab_landscape_options/individual_donor_bar_panels/donor_bar_panel_lactose.png	21524	5136c5f773fb3e225ed733be497712d93048c6be847d4e5b95182ec5ada1f968
protein_design/figures/supplementary_wetlab_landscape_options/individual_donor_bar_panels/donor_bar_panel_maltose.pdf	32030	08125406b8902b3bb4fd6253ea99b0ecf0c6ed5ee8e8b188f57e171c22925b16
protein_design/figures/supplementary_wetlab_landscape_options/individual_donor_bar_panels/donor_bar_panel_maltose.png	21064	7512f213ec67b620e3e124bb789941efac6a2d9615163aabbb4d4c393094cc9a
protein_design/figures/supplementary_wetlab_landscape_options/individual_donor_bar_panels/donor_bar_panel_ribose.pdf	34775	950ccd847e0c165866fb3a640d5b83ba864680c97580ed31bd7b4b1eeee31db5
protein_design/figures/supplementary_wetlab_landscape_options/individual_donor_bar_panels/donor_bar_panel_ribose.png	23444	cecb4332e91c469884ac5866e9fc74e38ddde1799004653de18ee9d6bb218f5d
protein_design/figures/supplementary_wetlab_landscape_options/individual_donor_bar_panels/donor_bar_panel_xylose.pdf	32879	a418b7385f48ef540517ff5f2814eaa0cce93708ac6f7f4214feaf9e2395af63
protein_design/figures/supplementary_wetlab_landscape_options/individual_donor_bar_panels/donor_bar_panel_xylose.png	21107	223455b14ed81f17cb69dba774f1d8d79d826d326d45e9cc63a6235bf18d2dfc
protein_design/figures/supplementary_wetlab_landscape_options/individual_donor_bar_panels_manuscript/donor_bar_panel_arabinose_manuscript.pdf	52824	d0a47e552a6708dd86fc928c5257d5c82e7339562de6da69cfcd4b9e88714e2b
protein_design/figures/supplementary_wetlab_landscape_options/individual_donor_bar_panels_manuscript/donor_bar_panel_arabinose_manuscript.png	41392	512ff948c21d6631d1c2a2b53d681b1712e9997009bfc1163ea9184f715e9ae3
protein_design/figures/supplementary_wetlab_landscape_options/individual_donor_bar_panels_manuscript/donor_bar_panel_cellobiose_manuscript.pdf	50029	568708151e71807e89fe5c7a254b9890693c6a9d9531319212ae100f10cbfc80
protein_design/figures/supplementary_wetlab_landscape_options/individual_donor_bar_panels_manuscript/donor_bar_panel_cellobiose_manuscript.png	39448	6e481ef3a63cdb71778c2ae5c98a73887b7ee0574c0a1e608051b7c74c554c74
protein_design/figures/supplementary_wetlab_landscape_options/individual_donor_bar_panels_manuscript/donor_bar_panel_fructose_manuscript.pdf	51061	11f05d5e421f514d0f1625adbceff3213cafcde297becd8b557adfd333ce14b6
protein_design/figures/supplementary_wetlab_landscape_options/individual_donor_bar_panels_manuscript/donor_bar_panel_fructose_manuscript.png	40154	bdb90848326f1a73e4386ce1f8959cb1d0a4ae0153ca8918201eb97f6e7d5bf7
protein_design/figures/supplementary_wetlab_landscape_options/individual_donor_bar_panels_manuscript/donor_bar_panel_galactose_manuscript.pdf	52663	1dda83e4a8639955e9d6c4dba8b82d73e270fd732fad852c026b27c4898d68de
protein_design/figures/supplementary_wetlab_landscape_options/individual_donor_bar_panels_manuscript/donor_bar_panel_galactose_manuscript.png	41236	8d128c4fa02be0a1d7e73fefb72967d328a1e4924e4bc13a412e74246e4db85d
protein_design/figures/supplementary_wetlab_landscape_options/individual_donor_bar_panels_manuscript/donor_bar_panel_glucose_manuscript.pdf	50981	1afc89634347aca6f66431f6e536378eff757abe84e5f85497f59525a9f638bc
protein_design/figures/supplementary_wetlab_landscape_options/individual_donor_bar_panels_manuscript/donor_bar_panel_glucose_manuscript.png	39876	7f0353f91600dcf2324aa30c78598178a2a187c477b9e9d7adacfede38ade1e8
protein_design/figures/supplementary_wetlab_landscape_options/individual_donor_bar_panels_manuscript/donor_bar_panel_lactose_manuscript.pdf	51542	d740137a90a419ef71a5d15b1de365298db0e6753f55fffdbc7c0caab0503527
protein_design/figures/supplementary_wetlab_landscape_options/individual_donor_bar_panels_manuscript/donor_bar_panel_lactose_manuscript.png	40584	f0f74a38c8dfa25e1469eff3abdc3d4178d631873ed2cae49e918e33e2fbd3fe
protein_design/figures/supplementary_wetlab_landscape_options/individual_donor_bar_panels_manuscript/donor_bar_panel_maltose_manuscript.pdf	51040	dfd25d4b0fbff24104eced3813ebc85bf5792fc69b39ccb030ef75c094cb3d91
protein_design/figures/supplementary_wetlab_landscape_options/individual_donor_bar_panels_manuscript/donor_bar_panel_maltose_manuscript.png	40517	ae8bcae099a7779af71714ae52a67418b5cadedc7a0fab19b6976b6ebc39d4ce
protein_design/figures/supplementary_wetlab_landscape_options/individual_donor_bar_panels_manuscript/donor_bar_panel_ribose_manuscript.pdf	51738	54fd417e9576ec287ce49ff8a75c17da8310624b26a8378ca834f63ac36861e9
protein_design/figures/supplementary_wetlab_landscape_options/individual_donor_bar_panels_manuscript/donor_bar_panel_ribose_manuscript.png	39812	b33c578c3d6d32c5bf2c723da23573cb45877189c44da19aa39b8e62f8f8ac49
protein_design/figures/supplementary_wetlab_landscape_options/individual_donor_bar_panels_manuscript/donor_bar_panel_xylose_manuscript.pdf	52925	1962965b42d435a4fcbfdd3558cd4af4e36c4a07d20b118d809664598e6e1681
protein_design/figures/supplementary_wetlab_landscape_options/individual_donor_bar_panels_manuscript/donor_bar_panel_xylose_manuscript.png	41328	84cb454a287b88047149cbc9d9db70251615bb5982740d92afa1b723536dace2
protein_design/figures/supplementary_wetlab_landscape_options/individual_donor_panels/donor_panel_arabinose.pdf	21272	50612d2d9f36ced7e22330f5b673d03c9d3e0585d6cad9b0b80dba851f8818ee
protein_design/figures/supplementary_wetlab_landscape_options/individual_donor_panels/donor_panel_arabinose.png	19535	2238bba95414b17ca3ad733fd72d47c17aaadbc09e24f693ffaed60f03d1e6a0
protein_design/figures/supplementary_wetlab_landscape_options/individual_donor_panels/donor_panel_cellobiose.pdf	20902	29ab15b78b5f682b4b0b0334a16541938aa8d798e922482767619fdf173dcab7
protein_design/figures/supplementary_wetlab_landscape_options/individual_donor_panels/donor_panel_cellobiose.png	18944	bc87494f9e88a5550306ece78f8545219116d40b1a6b0bd7614d4df016d66a65
protein_design/figures/supplementary_wetlab_landscape_options/individual_donor_panels/donor_panel_fructose.pdf	21022	39611f4b16a250afb701edc2a4f58feb611592c60429871ec2867a76476993b7
protein_design/figures/supplementary_wetlab_landscape_options/individual_donor_panels/donor_panel_fructose.png	19260	82280806b4db8d5676552a6fa8ad73ddd947168eea4e058c1450710db7336158
protein_design/figures/supplementary_wetlab_landscape_options/individual_donor_panels/donor_panel_galactose.pdf	22616	aa83a78b62cfed38d7da13a4795614f9603efac5e4d9fed39e76e491cb24d2fb
protein_design/figures/supplementary_wetlab_landscape_options/individual_donor_panels/donor_panel_galactose.png	20835	7ac7d768d764ab2c1b8bb3e5ce0faa5de233a84ffb91136dbca1cfb9eeeefcec
protein_design/figures/supplementary_wetlab_landscape_options/individual_donor_panels/donor_panel_glucose.pdf	20800	715b3a89a0fb4df73fac494b608d65863a19570400da39604eb54402ef111681
protein_design/figures/supplementary_wetlab_landscape_options/individual_donor_panels/donor_panel_glucose.png	19087	e7a04fa7b3ff217e3c1e69811056f65c6c4a22ec53975cd5abc3589dc2c5c91f
protein_design/figures/supplementary_wetlab_landscape_options/individual_donor_panels/donor_panel_lactose.pdf	21399	84f7cc1658ca6c02f91ce48c0b51c25fb89a88473ff3fa3991d24943202a43ec
protein_design/figures/supplementary_wetlab_landscape_options/individual_donor_panels/donor_panel_lactose.png	19645	24ee30999c0f8db1cb045858c47a8ab065cd83be2b2bbb481966c5ce209a5a3b
protein_design/figures/supplementary_wetlab_landscape_options/individual_donor_panels/donor_panel_maltose.pdf	21151	db777637d50ec753e800a53aa0eb5dfe7fe0dada7efcb11dbb49b84b9f82e97e
protein_design/figures/supplementary_wetlab_landscape_options/individual_donor_panels/donor_panel_maltose.png	19381	96a7bb7df58b550ddd81763e6375e4f5ec9c839a6d559f5647d74543077373fa
protein_design/figures/supplementary_wetlab_landscape_options/individual_donor_panels/donor_panel_ribose.pdf	21326	d00e7f1d39ae675d7a06e3060b8ce0b2130044b25397b4215cbaa6bd0029ef68
protein_design/figures/supplementary_wetlab_landscape_options/individual_donor_panels/donor_panel_ribose.png	19651	d5f4ea46e40c71798a625cf751e1cf64969e6788236e93cb9ff6ca12e58165b4
protein_design/figures/supplementary_wetlab_landscape_options/individual_donor_panels/donor_panel_xylose.pdf	20494	a0954fee608a00343baa2f0388d6bf59b903787247d453809772511d38ec92ea
protein_design/figures/supplementary_wetlab_landscape_options/individual_donor_panels/donor_panel_xylose.png	18744	0edd4e097c004f509fd00a8bca6862874b803e2026d2d754bbacad42169f4b60
protein_design/figures/supplementary_wetlab_landscape_options/landscape_options_manifest.csv	9850	469c07efb132ae38f31d39f1127c5345d303d7a3698867c98b9ab9166cfaba33
protein_design/figures/supplementary_wetlab_landscape_options/option_1_dual_heatmap.pdf	164648	84bb308da6b5471266c18cd211b58f070aa420e4de59344e5f34b8f0799169c9
protein_design/figures/supplementary_wetlab_landscape_options/option_1_dual_heatmap.png	80789	70b41ac8bc983126fd311d2409bc465b8bb901d958c1b54acf81b4c5c6c6c5ae
protein_design/figures/supplementary_wetlab_landscape_options/option_2_ultrasound_delta_heatmap.pdf	136547	6408b9a7ef6e35c41dfc69fefcc94af243ada5aec2869326ad2c01b3d5092cf4
protein_design/figures/supplementary_wetlab_landscape_options/option_2_ultrasound_delta_heatmap.png	94901	cd62675d6488067c5adf768585628dcb32fa85303b070493d70a90a8a0726c85
protein_design/figures/supplementary_wetlab_landscape_options/option_3_ribose_focus_trajectory.pdf	92362	3c154347527f1781684dfd5b956a171be789208d8be8e6c8c960beaea96d4f81
protein_design/figures/supplementary_wetlab_landscape_options/option_3_ribose_focus_trajectory.png	88172	b905fd314f2c1451962b64628eb9f0fb4ed4a1e853fd98f2dc0a565745ddaa04
protein_design/figures/supplementary_wetlab_landscape_options/option_4_plusUS_rank_bump.pdf	92663	a954f3d749e052a032938fa4a216db69a15b5c1f54fea7c732b395074d7f6ec9
protein_design/figures/supplementary_wetlab_landscape_options/option_4_plusUS_rank_bump.png	90128	fa26309ad851475ad7b85e2fd8287c5712e6ceb1148b29fdc8a5d19cc09394cd
protein_design/figures/supplementary_wetlab_landscape_options/option_5_compact_heatmap_plus_delta.pdf	198625	4856c55d8cd4ae29edc0cc9c97548a29985e7f1c54f70bdae84f907118418c1c
protein_design/figures/supplementary_wetlab_landscape_options/option_5_compact_heatmap_plus_delta.png	117554	2caa7b7f6acfc13eb5d179a907fd14c5bbf47651d96ed21cca9a1d07b3f2ff72
protein_design/figures/supplementary_wetlab_landscape_options/option_6_one_donor_per_panel.pdf	94251	de0b08e6568afca9c13384d8e6cdedbd492d8d2d26908c7541f694ed2ed7637e
protein_design/figures/supplementary_wetlab_landscape_options/option_6_one_donor_per_panel.png	78617	dac68bf4e7fdcd19fab439e55a08b6499c7996d980bfb5b8311d8ccd4458b09f
protein_design/figures/supplementary_wetlab_landscape_options/option_7_one_donor_grouped_bars.pdf	116281	314ddbab8aa8f6195bc335bdeb98e06c985b92ec28d5e854a77560fd90328c9c
protein_design/figures/supplementary_wetlab_landscape_options/option_7_one_donor_grouped_bars.png	76704	865212a1811b72db16bfa05845eb891b0a96a773b3de19197f552a2d3811daf8
protein_design/figures/supplementary_wetlab_landscape_options/option_8_manuscript_style_grouped_bars.pdf	259346	c5eab03fa90611ff8f4ff9604f2ac9d0ce1309e333394755ede8924a100b263f
protein_design/figures/supplementary_wetlab_landscape_options/option_8_manuscript_style_grouped_bars.png	193522	2b1493dc5038e6f8e728a91bc9f5094c9c0eabbbb1a73c1ac1cb505a007ecf2e
protein_design/figures/wetlab_results_v2/Figure_3_v2_composite_preview.png	761907	134bc0d7df6a200fc6aaf275cd321d46861363b9d89c317b6cc25223bd7f6c76
protein_design/figures/wetlab_results_v2/Figure_3_v2_source_data.csv	7030	85f5d9dc213cefffdcff2e1b522aab4a9dc812ef8d8e0487ed1e74df3f37dd3d
protein_design/figures/wetlab_results_v2/Figure_3a_v2.pdf	82699	65c7d7542a74413bd35cfc3f665e3e3c9cfbde53215c82e3b7dbdde1aaa784d0
protein_design/figures/wetlab_results_v2/Figure_3a_v2.png	81098	9a12a7958fd2ff39562b89937ebe6323ca10c8350616c6dca7706add7ba68e34
protein_design/figures/wetlab_results_v2/Figure_3b_v1.pdf	85132	27952fafab46be5a85c2c2a1c2ba900e4f1a5e6c3840ab2223d8b5e67bd9b229
protein_design/figures/wetlab_results_v2/Figure_3b_v1.png	76311	e44fe7d709640f43dd51df9a462cfa3cc52a3c08f2bd0b62431129429e034623
protein_design/figures/wetlab_results_v2/Figure_3b_v1_bar_source_data.csv	1216	39836bb091d9f986c730bc805d370853d053941c2fc649f80b53a6dd8325d528
protein_design/figures/wetlab_results_v2/Figure_3b_v2.pdf	107801	bf93e6b11a01c8bd1fd1c7518d6bd8d534e640236d31a2b9c896a4a6d23dd5a1
protein_design/figures/wetlab_results_v2/Figure_3b_v2.png	94240	af9f660f8fb8ebfb14e64973551b5e07e9a6f5807ee57e455772d25b291b8ca0
protein_design/figures/wetlab_results_v2/Figure_3b_v2_bar_source_data.csv	812	bfc0f42f2508343c5a1ac8e91b86371c6afb8c3dc4f0dad21d9528000418f145
protein_design/figures/wetlab_results_v2/Figure_3b_v2_matrix_source_data.csv	1216	809e5e2c62fd9ab71096663b62f2da5b7e5f26ad3358063fbdd36027e9983f89
protein_design/figures/wetlab_results_v2/Figure_3b_v3.pdf	81974	4c1b793d627c94bfc44d42a06752506a3ef972aa343cbca600a52af555bb1061
protein_design/figures/wetlab_results_v2/Figure_3c_v2.pdf	164461	facdcb8d664ed7b0f7de91aed6aac0bb93afd8071f62d8006dd94827030f825e
protein_design/figures/wetlab_results_v2/Figure_3c_v2.png	158580	cf8517c7c3b1e3dbea7fefd86b24f0a7940720da44a54e2b0ceac3cc8d5501b6
protein_design/figures/wetlab_results_v2/Figure_3c_v2_source_data.csv	814	79c3fb1db3020efc5f7a9a57a91489226ed415fa194f1e508e508c6570379cdf
protein_design/figures/workflow_analysis/Figure_4_workflow_analysis.pdf	14780	2d95201047cf11e96d589da6fe811380f747f131cfbc26c9cee4f4d8d737dbf3
protein_design/figures/workflow_analysis/Figure_4_workflow_analysis.svg	26685	3d831098b3cc470823c91d9e4734a6f83593e8a14fc3f4e471ba81e784b7e1f6
protein_design/figures/workflow_analysis/Figure_4_workflow_analysis_preview.png	371977	aad228f203c16ef9a47e176a3019044c9e807ae232cc72cedf57788f08acd74a
protein_design/figures/workflow_analysis/Figure_4a_search_funnel.pdf	4533	d4b1b18650df1fe5a8e0408e6cde609a4e5d7be71f34a467f9e185d97ce708be
protein_design/figures/workflow_analysis/Figure_4a_search_funnel.svg	7469	b5ef77f5d529b668546b8a1f4a0d9331903c5963b656baf227197ec70c2e7ecd
protein_design/figures/workflow_analysis/Figure_4a_search_funnel_preview.png	210137	da9f6ad970ba0e12f35a1c581bb243e8a8a91d5e54c2836790b6f08c6e579fec
protein_design/figures/workflow_analysis/Figure_4b_phase_composition.pdf	8070	dd032abfc95866905c9724fc38bed85017c731b60b5b56fca7e1063bb8ebd933
protein_design/figures/workflow_analysis/Figure_4b_phase_composition.svg	14106	d51a3a66df5b089962892674317c05a05a5eebe7dcc200f251519b608e7134cf
protein_design/figures/workflow_analysis/Figure_4b_phase_composition_preview.png	187509	f0b832fd3f0304e38e6d334e4795a880f397b2b46f9fd749dfc44c1bc6f55e6e
protein_design/figures/workflow_analysis/Figure_4c_contributor_totals.pdf	3457	4d4bb8e5618c157cb50130ea2ab8556098c537a9322165402aae262bec766906
protein_design/figures/workflow_analysis/Figure_4c_contributor_totals.svg	5536	d24575adbe8caba7f44accddffa5100dc79582bf73c91b7a58e020e7b0ebb56e
protein_design/figures/workflow_analysis/Figure_4c_contributor_totals_preview.png	121817	00cd5b5c823e7dd7a0f641ec156a12bc49b8dd8ef2192404fad64b23e8eabbeb
protein_design/figures/workflow_analysis/workflow_analysis_summary.json	2396	bdead2f98ca26ba81f8a8fbef49237f160e2d66aad48ca4762a8286eacd87f83
protein_design/figures/workflow_analysis/workflow_word_counts.csv	2088	f72683857c06e0a373ab93432e22415c8d53f352bad2eac866187278cf311ed7
protein_design/scripts/data_organization/build_glycation_results_workbook.mjs	5904	40d6f7ccea8190874ca260031b6cd4a0610b86d9b1d3f58a1fdcabb62c3ab6d5
protein_design/scripts/data_organization/extract_glycation_results.py	17105	a5c476adf4246df6bfa51345ef86e4d4f686644f8ac016fedd476eaa6fe88009
protein_design/scripts/Figure_Painting/build_24_run_audit_table.py	84	0000208a3f213f3080883642a2d2bd04d63d672caf33b774c65d81692b301593
protein_design/scripts/Figure_Painting/build_complete_24_run_data.py	20417	7ffc6ca655c55f400289278fd192adb34680e349621c8860baa50ecdd98e4dec
protein_design/scripts/Figure_Painting/build_formal_run_mapping_table.py	84	0000208a3f213f3080883642a2d2bd04d63d672caf33b774c65d81692b301593
protein_design/scripts/Figure_Painting/build_si_tables_3_4.py	6376	996b7212591a4d45c728b73ebfcb57f8b948fc4617a2d244dcf65a666cfe6b0e
protein_design/scripts/Figure_Painting/draw_fig2b_evidence_components.py	16202	20c91b1228b772b403594525852e6216df7ebe8b89c449f94cb66399cbe6736a
protein_design/scripts/Figure_Painting/figure_palette.py	2298	e5e85e0ac5aa7ef9c15e4ab75e288ed32b38768d220d212f90981bc370f5c88f
protein_design/scripts/Figure_Painting/plot_bepipred_panel_c.py	28169	2f5ba76a8dd2d9651acdc31a576b3ba0ea9739fa56b54e1b45f12ced6eabdfda
protein_design/scripts/Figure_Painting/plot_netglycate_panel_d.py	17920	9f55d61e62ec4ba98259b3c81fc1ffb3810314b14e70916f9bde7c0dd5bc971e
protein_design/scripts/Figure_Painting/plot_supplementary_wetlab_landscape_options.py	38157	68aca57d298781b3e9fcc162d018c42d9e22b03f8f452f9bcee4ed1f7caca3ff
protein_design/scripts/Figure_Painting/plot_wetlab_results_figure.py	29212	0e8f6d67daf2c288ad2a937cc7870a7bf03840f82b002cb8c23eb0b6efe60741
protein_design/scripts/Figure_Painting/plot_wetlab_results_figure_24run.py	21135	b3728c026e22bbddab420ab258a334e7e9c69f75049f1dbcabfeba87bb42e237
protein_design/scripts/Figure_Painting/plot_wetlab_results_figure_v2.py	24562	08a6d98d4292df73b0b3d812995077bbe9822feb304a1a0e38ec7ff4b85086fb
protein_design/scripts/Figure_Painting/plot_workflow_analysis_figure.py	37102	aff7f1882759a1e4081bbe0fc5a59f93a54c38aa12cefda2732e5dfe24dcc2d1
protein_design/scripts/netglycate_analysis.py	4995	29edacadfc15d42ac746383e56534567d9069604f4b21884bd7d2eb6b1c59e85
protein_design/scripts/plot_evidence_stats.js	10515	e5e752e23face070ca1728e9836bbb4fb72bdb051e3cde921ae59d4194972213
protein_design/scripts/plot_netglycate_panel.js	10418	6e6755a4e4c4ed5e58205b76f14388bddfaef11f35060f9112cdca21c3baebb2
protein_design/scripts/plot_netglycate_panel.py	8416	2352a3e6597eb880d2a15dd92709dd799dfc5180364b217f8ff0ae1adecc1f71
protein_design/scripts/source_data_build/build_source_data_workbook.mjs	20249	f1d2dd3cc1edfb37902f6ba54ee6c68c69e798293fa14465685a28a3457d5673
protein_design/tables/glycation_results_organized/elisa_2026_0615.csv	2068	9b650b417d587c505e847744470e304a9c4b7366290642c795142ab41cfa7a99
protein_design/tables/glycation_results_organized/fig3_source_data.csv	7030	85f5d9dc213cefffdcff2e1b522aab4a9dc812ef8d8e0487ed1e74df3f37dd3d
protein_design/tables/glycation_results_organized/fig3c_source_data.csv	814	79c3fb1db3020efc5f7a9a57a91489226ed415fa194f1e508e508c6570379cdf
protein_design/tables/glycation_results_organized/figure_data_map.csv	1700	5bd0622a9966735f2cedf85a889f923574fcde72b265f07936679807aa2eb590
protein_design/tables/glycation_results_organized/file_inventory.csv	2060	65a38de6776bc92f01e10c11c80666dac7273900f01625922ea82f04a52bb7c2
protein_design/tables/glycation_results_organized/glycation_results_organized_2026-06-26.xlsx	302553	e8d411d67743befaa51efbe0c22d5669dc29cded48e3066abb3cf55b4028749f
protein_design/tables/glycation_results_organized/glycation_results_organized_payload.json	2027966	572fbedb88a6979e0961d5281797ee838c29c937fb1f846b26b6e56d327417be
protein_design/tables/glycation_results_organized/glycation_results_organized_preview.png	64503	80c4a8569c20b18129f4d378e5502a674847193de25f3981f53e8bf8a7656421
protein_design/tables/glycation_results_organized/long_timecourse.csv	37613	a0b711060d08a7d5157c2f91906f7e50491224b9e568f0fe67fc6dc3eb031225
protein_design/tables/glycation_results_organized/protected_24_run_matrix.csv	7035	c073293667f25c4f3285dbb94968ecdff7cb573133bc1bdf14ac1568863afab2
protein_design/tables/glycation_results_organized/raw_cell_index.csv	614431	52b70270375ab95ee17700321cbc9770f6832640bde471fb4f00ddd318682952
protein_design/tables/glycation_results_organized/ribose_validation.csv	477	6e9970ad837d644e4eb2be833cb609f7e9881232c0c32d025e425bcc41e3b10d
protein_design/tables/glycation_results_organized/sheet_summary.csv	2487	fda84fa19041944052cb29e315701b9858d1607dd777dcb3ee0114eec1771c70
protein_design/tables/wetlab_feedback/Supplementary_Table_6_feedback_locking.tex	5274	21b51254b1614b33295aabe244e0d12e63ef4167a352c1a4c1ac05644eea0fc2
protein_design/tables/wetlab_runsheet/formal_17_run_result_mapping.csv	7035	c073293667f25c4f3285dbb94968ecdff7cb573133bc1bdf14ac1568863afab2
protein_design/tables/wetlab_runsheet/formal_17_run_result_mapping.md	8396	459b48d609d38a164561134afaab3e5a236f5c262982998cf14e4e0e6366ad59
protein_design/tables/wetlab_runsheet/formal_17_run_result_mapping.tex	2990	287fd6e035366bd0896da184c054b7c6bcf11e621720dc64162e77f2ba2cf9b9
protein_design/tables/wetlab_runsheet/formal_24_run_result_mapping.csv	7035	c073293667f25c4f3285dbb94968ecdff7cb573133bc1bdf14ac1568863afab2
protein_design/tables/wetlab_runsheet/formal_24_run_result_mapping.md	10451	2b9c3925c6dd7d4adbbc90b79fe4e82405b9d9ed68c18fab2ccb6f23255d76fd
protein_design/tables/wetlab_runsheet/original_24_run_availability_audit.csv	7035	c073293667f25c4f3285dbb94968ecdff7cb573133bc1bdf14ac1568863afab2
protein_design/tables/wetlab_runsheet/original_24_run_availability_audit.md	10451	2b9c3925c6dd7d4adbbc90b79fe4e82405b9d9ed68c18fab2ccb6f23255d76fd
protein_design/tables/wetlab_runsheet/Supplementary_Table_3_24_run_audit.tex	6007	43784dafec4a2bd0f96d2d2b6005d27c660da640a4622d57e9feb3e41c80fd61
protein_design/tables/wetlab_runsheet/Supplementary_Table_4_17_run_mapping.tex	3994	e52b62b4e61aa56e9488f812092e28a6150f622e616e3cacf51f17bfb5bbe68c
protein_design/tables/wetlab_runsheet/Supplementary_Table_4_24_run_mapping.tex	4166	0fe81d446bccce4a2792d43fadc0ea282116d09bbf8ffe687ae3c7734eb1e96d
pyproject.toml	1437	bbb488e1bd5528179455b0bec4050c0beec4995f5ea9f8f01f84d8e35ce422c0
README.md	4981	538238415c6414b1e75f9faf6c48636fac8da74c470ba69d15339cc3cf40d1b4
requirements-review.txt	113	c541263ec01251d4b3863ce9938a0befd288fd5a2d31786fdbf18f931d525b78
src/virtual_lab/__about__.py	62	ddd19341402704a634738d35d00ec39e67b3143f70714bb955883c4150c3ab00
src/virtual_lab/__init__.py	466	114b2341de327fe014ec6b957bec3eb9af2221fc641c60fc5e310e8941436b38
src/virtual_lab/__pycache__/__about__.cpython-312.pyc	270	56f6b89f0cb64d2821194bb0e277619aa0340f5ebd5406f0683b5740f6b5cd09
src/virtual_lab/__pycache__/__init__.cpython-312.pyc	724	bac3adb650084bc115da07fda3238517a4ee928125c640b0446e392276f4386e
src/virtual_lab/__pycache__/agent.cpython-312.pyc	3311	a0546c796eea159e48c3401f021597c1db0fb08b29f353e07e06028643dbb590
src/virtual_lab/__pycache__/context_builder.cpython-312.pyc	24471	10d6c2320185175e735ffcb5c42ccd5dd5edafa7f3e253a1183a4f410fc3fa27
src/virtual_lab/__pycache__/run_meeting.cpython-312.pyc	13200	aaee16d71f5c33d6bbf04506b0dc0a7218ad3586623c6f72d2b777f606a0befa
src/virtual_lab/__pycache__/tools.cpython-312.pyc	3191	0339eeae91e64901df9dc078770a05b7be701019e67621c41a48d1de5dd8572c
src/virtual_lab/agent.py	2153	cf2b45d56245f140a6b5e6e092200936689b351afaf750f9e318ed74827b5ef8
src/virtual_lab/constants.py	2632	b9f245528bfd16a2ebc66c5d0880a7ab39b936e1a2d51b76f63630032c6fa243
src/virtual_lab/context_builder.py	22224	0037d4e25b96aef49c8a20e1b736bc5460115d2237ec8fdec75bbb516155c028
src/virtual_lab/prompts.py	15865	096248eec5f2b73d467ddcbd1c40d35919d40f0a3eb3845cf15f103881e49329
src/virtual_lab/py.typed	28	6b546543e8409e03dd643b6b8258b04d536d3e66585194b7c2f7db3119ee9c72
src/virtual_lab/run_meeting.py	14556	2940cd8746d3646385001ae484cd43e8ddc491bcb82c2e9a5bc9adcfac587b44
src/virtual_lab/tools.py	2668	92586f92cf5d7345d9ef87e21f36c393b104cc340ec9d2e13364d7583f0fdc6d
src/virtual_lab/utils.py	16046	6581c19668b49db050bef589d8ebd5d91a041e6842a33641b537d337e177e069
