Accession,Residue,BepiPred-3.0 score,BepiPred-3.0 linear epitope score
1BSQ_1_Chain A_PROTEIN _BETA-LACTOGLOBULIN__Bos taurus _9913_,L,0.08561169356107712, 0.0923051279452112
1BSQ_1_Chain A_PROTEIN _BETA-LACTOGLOBULIN__Bos taurus _9913_,I,0.14349322021007538, 0.11405152993069755
1BSQ_1_Chain A_PROTEIN _BETA-LACTOGLOBULIN__Bos taurus _9913_,V,0.18532034754753113, 0.13506941083404753
1BSQ_1_Chain A_PROTEIN _BETA-LACTOGLOBULIN__Bos taurus _9913_,T,0.20921854674816132, 0.1636862200167444
1BSQ_1_Chain A_PROTEIN _BETA-LACTOGLOBULIN__Bos taurus _9913_,Q,0.20710234344005585, 0.1890760138630867
1BSQ_1_Chain A_PROTEIN _BETA-LACTOGLOBULIN__Bos taurus _9913_,T,0.19571761786937714, 0.20129118694199455
1BSQ_1_Chain A_PROTEIN _BETA-LACTOGLOBULIN__Bos taurus _9913_,M,0.18916092813014984, 0.2025169101026323
1BSQ_1_Chain A_PROTEIN _BETA-LACTOGLOBULIN__Bos taurus _9913_,K,0.25755128264427185, 0.19282407148016822
1BSQ_1_Chain A_PROTEIN _BETA-LACTOGLOBULIN__Bos taurus _9913_,G,0.2285081446170807, 0.19104455494218403
1BSQ_1_Chain A_PROTEIN _BETA-LACTOGLOBULIN__Bos taurus _9913_,L,0.19554825127124786, 0.18519237885872522
1BSQ_1_Chain A_PROTEIN _BETA-LACTOGLOBULIN__Bos taurus _9913_,D,0.15452472865581512, 0.17266689406500924
1BSQ_1_Chain A_PROTEIN _BETA-LACTOGLOBULIN__Bos taurus _9913_,I,0.09808479994535446, 0.16477167275216845
1BSQ_1_Chain A_PROTEIN _BETA-LACTOGLOBULIN__Bos taurus _9913_,Q,0.1932028979063034, 0.14382585138082504
1BSQ_1_Chain A_PROTEIN _BETA-LACTOGLOBULIN__Bos taurus _9913_,K,0.1544327586889267, 0.14298701203531688
1BSQ_1_Chain A_PROTEIN _BETA-LACTOGLOBULIN__Bos taurus _9913_,V,0.08298825472593307, 0.12730887904763222
1BSQ_1_Chain A_PROTEIN _BETA-LACTOGLOBULIN__Bos taurus _9913_,A,0.11810393631458282, 0.12511387177639538
1BSQ_1_Chain A_PROTEIN _BETA-LACTOGLOBULIN__Bos taurus _9913_,G,0.06903889030218124, 0.13504251465201378
1BSQ_1_Chain A_PROTEIN _BETA-LACTOGLOBULIN__Bos taurus _9913_,T,0.22095859050750732, 0.11939862039354113
1BSQ_1_Chain A_PROTEIN _BETA-LACTOGLOBULIN__Bos taurus _9913_,W,0.0544450543820858, 0.11347601314385732
1BSQ_1_Chain A_PROTEIN _BETA-LACTOGLOBULIN__Bos taurus _9913_,Y,0.13476966321468353, 0.11745471176173952
1BSQ_1_Chain A_PROTEIN _BETA-LACTOGLOBULIN__Bos taurus _9913_,S,0.1874425858259201, 0.11819126456975937
1BSQ_1_Chain A_PROTEIN _BETA-LACTOGLOBULIN__Bos taurus _9913_,L,0.052407849580049515, 0.12649676700433096
1BSQ_1_Chain A_PROTEIN _BETA-LACTOGLOBULIN__Bos taurus _9913_,A,0.10112929344177246, 0.12785558568106759
1BSQ_1_Chain A_PROTEIN _BETA-LACTOGLOBULIN__Bos taurus _9913_,M,0.11879654228687286, 0.13840418929855028
1BSQ_1_Chain A_PROTEIN _BETA-LACTOGLOBULIN__Bos taurus _9913_,A,0.12473291158676147, 0.15084110076228777
1BSQ_1_Chain A_PROTEIN _BETA-LACTOGLOBULIN__Bos taurus _9913_,A,0.1437884122133255, 0.1613740577465958
1BSQ_1_Chain A_PROTEIN _BETA-LACTOGLOBULIN__Bos taurus _9913_,S,0.2331879585981369, 0.1791846983962589
1BSQ_1_Chain A_PROTEIN _BETA-LACTOGLOBULIN__Bos taurus _9913_,D,0.14938248693943024, 0.18320905499988133
1BSQ_1_Chain A_PROTEIN _BETA-LACTOGLOBULIN__Bos taurus _9913_,I,0.24670186638832092, 0.20068290995226967
1BSQ_1_Chain A_PROTEIN _BETA-LACTOGLOBULIN__Bos taurus _9913_,S,0.2822391986846924, 0.21511278715398577
1BSQ_1_Chain A_PROTEIN _BETA-LACTOGLOBULIN__Bos taurus _9913_,L,0.2127036154270172, 0.22840543588002524
1BSQ_1_Chain A_PROTEIN _BETA-LACTOGLOBULIN__Bos taurus _9913_,L,0.1373485028743744, 0.2345106386476093
1BSQ_1_Chain A_PROTEIN _BETA-LACTOGLOBULIN__Bos taurus _9913_,D,0.2760612368583679, 0.24027498728699154
1BSQ_1_Chain A_PROTEIN _BETA-LACTOGLOBULIN__Bos taurus _9913_,A,0.2546018064022064, 0.24331296649244097
1BSQ_1_Chain A_PROTEIN _BETA-LACTOGLOBULIN__Bos taurus _9913_,Q,0.26342225074768066, 0.2308667865064409
1BSQ_1_Chain A_PROTEIN _BETA-LACTOGLOBULIN__Bos taurus _9913_,S,0.28813478350639343, 0.23384886814488304
1BSQ_1_Chain A_PROTEIN _BETA-LACTOGLOBULIN__Bos taurus _9913_,A,0.20126162469387054, 0.22829022092951667
1BSQ_1_Chain A_PROTEIN _BETA-LACTOGLOBULIN__Bos taurus _9913_,P,0.2740436792373657, 0.21914468291733
1BSQ_1_Chain A_PROTEIN _BETA-LACTOGLOBULIN__Bos taurus _9913_,L,0.17022357881069183, 0.19633705914020538
1BSQ_1_Chain A_PROTEIN _BETA-LACTOGLOBULIN__Bos taurus _9913_,R,0.23954235017299652, 0.18563941452238295
1BSQ_1_Chain A_PROTEIN _BETA-LACTOGLOBULIN__Bos taurus _9913_,V,0.08732067793607712, 0.1761320581038793
1BSQ_1_Chain A_PROTEIN _BETA-LACTOGLOBULIN__Bos taurus _9913_,Y,0.19375139474868774, 0.15960976233084997
1BSQ_1_Chain A_PROTEIN _BETA-LACTOGLOBULIN__Bos taurus _9913_,V,0.04933319240808487, 0.14921022040976417
1BSQ_1_Chain A_PROTEIN _BETA-LACTOGLOBULIN__Bos taurus _9913_,E,0.16714344918727875, 0.1437026924557156
1BSQ_1_Chain A_PROTEIN _BETA-LACTOGLOBULIN__Bos taurus _9913_,E,0.20256857573986053, 0.13695157236523098
1BSQ_1_Chain A_PROTEIN _BETA-LACTOGLOBULIN__Bos taurus _9913_,L,0.0525609627366066, 0.15461007008949915
1BSQ_1_Chain A_PROTEIN _BETA-LACTOGLOBULIN__Bos taurus _9913_,K,0.1804478019475937, 0.16342649774418938
1BSQ_1_Chain A_PROTEIN _BETA-LACTOGLOBULIN__Bos taurus _9913_,P,0.12065582722425461, 0.17453107900089687
1BSQ_1_Chain A_PROTEIN _BETA-LACTOGLOBULIN__Bos taurus _9913_,T,0.17878226935863495, 0.17936310834354824
1BSQ_1_Chain A_PROTEIN _BETA-LACTOGLOBULIN__Bos taurus _9913_,P,0.24624715745449066, 0.16148481973343426
1BSQ_1_Chain A_PROTEIN _BETA-LACTOGLOBULIN__Bos taurus _9913_,E,0.27309924364089966, 0.18493758431739277
1BSQ_1_Chain A_PROTEIN _BETA-LACTOGLOBULIN__Bos taurus _9913_,G,0.14927442371845245, 0.17237457094921005
1BSQ_1_Chain A_PROTEIN _BETA-LACTOGLOBULIN__Bos taurus _9913_,D,0.21063171327114105, 0.17796560335490438
1BSQ_1_Chain A_PROTEIN _BETA-LACTOGLOBULIN__Bos taurus _9913_,L,0.04166397824883461, 0.17141479377945265
1BSQ_1_Chain A_PROTEIN _BETA-LACTOGLOBULIN__Bos taurus _9913_,E,0.2636358439922333, 0.1721290676958031
1BSQ_1_Chain A_PROTEIN _BETA-LACTOGLOBULIN__Bos taurus _9913_,I,0.06738068163394928, 0.16694201653202376
1BSQ_1_Chain A_PROTEIN _BETA-LACTOGLOBULIN__Bos taurus _9913_,L,0.17097511887550354, 0.18255663042267165
1BSQ_1_Chain A_PROTEIN _BETA-LACTOGLOBULIN__Bos taurus _9913_,L,0.11982498317956924, 0.19093971740868357
1BSQ_1_Chain A_PROTEIN _BETA-LACTOGLOBULIN__Bos taurus _9913_,Q,0.2526756227016449, 0.21860543804036248
1BSQ_1_Chain A_PROTEIN _BETA-LACTOGLOBULIN__Bos taurus _9913_,K,0.22641578316688538, 0.21966009587049484
1BSQ_1_Chain A_PROTEIN _BETA-LACTOGLOBULIN__Bos taurus _9913_,W,0.28980594873428345, 0.24456946469015545
1BSQ_1_Chain A_PROTEIN _BETA-LACTOGLOBULIN__Bos taurus _9913_,E,0.2860794961452484, 0.25039587335454094
1BSQ_1_Chain A_PROTEIN _BETA-LACTOGLOBULIN__Bos taurus _9913_,N,0.2906554639339447, 0.26915258003605735
1BSQ_1_Chain A_PROTEIN _BETA-LACTOGLOBULIN__Bos taurus _9913_,G,0.2731277644634247, 0.2728055897686217
1BSQ_1_Chain A_PROTEIN _BETA-LACTOGLOBULIN__Bos taurus _9913_,E,0.2915650010108948, 0.2799795882569419
1BSQ_1_Chain A_PROTEIN _BETA-LACTOGLOBULIN__Bos taurus _9913_,C,0.22341279685497284, 0.27858037915494704
1BSQ_1_Chain A_PROTEIN _BETA-LACTOGLOBULIN__Bos taurus _9913_,A,0.28863534331321716, 0.27145646181371474
1BSQ_1_Chain A_PROTEIN _BETA-LACTOGLOBULIN__Bos taurus _9913_,Q,0.2855527102947235, 0.26328939696153003
1BSQ_1_Chain A_PROTEIN _BETA-LACTOGLOBULIN__Bos taurus _9913_,K,0.2909817695617676, 0.2408797252509329
1BSQ_1_Chain A_PROTEIN _BETA-LACTOGLOBULIN__Bos taurus _9913_,K,0.27721306681632996, 0.23385449333323372
1BSQ_1_Chain A_PROTEIN _BETA-LACTOGLOBULIN__Bos taurus _9913_,I,0.22196424007415771, 0.22952974256541994
1BSQ_1_Chain A_PROTEIN _BETA-LACTOGLOBULIN__Bos taurus _9913_,I,0.21715188026428223, 0.21764327006207573
1BSQ_1_Chain A_PROTEIN _BETA-LACTOGLOBULIN__Bos taurus _9913_,A,0.07144071906805038, 0.21817270500792396
1BSQ_1_Chain A_PROTEIN _BETA-LACTOGLOBULIN__Bos taurus _9913_,E,0.22833791375160217, 0.2117727721730868
1BSQ_1_Chain A_PROTEIN _BETA-LACTOGLOBULIN__Bos taurus _9913_,K,0.18449003994464874, 0.20557106617424223
1BSQ_1_Chain A_PROTEIN _BETA-LACTOGLOBULIN__Bos taurus _9913_,T,0.1816570907831192, 0.19230330404308107
1BSQ_1_Chain A_PROTEIN _BETA-LACTOGLOBULIN__Bos taurus _9913_,K,0.2903176248073578, 0.19327097717258665
1BSQ_1_Chain A_PROTEIN _BETA-LACTOGLOBULIN__Bos taurus _9913_,I,0.23338237404823303, 0.19600251151455772
1BSQ_1_Chain A_PROTEIN _BETA-LACTOGLOBULIN__Bos taurus _9913_,P,0.22139771282672882, 0.1993746045562956
1BSQ_1_Chain A_PROTEIN _BETA-LACTOGLOBULIN__Bos taurus _9913_,A,0.10255438089370728, 0.19438514444563124
1BSQ_1_Chain A_PROTEIN _BETA-LACTOGLOBULIN__Bos taurus _9913_,V,0.22586093842983246, 0.2064823160568873
1BSQ_1_Chain A_PROTEIN _BETA-LACTOGLOBULIN__Bos taurus _9913_,F,0.0960245281457901, 0.20538185205724505
1BSQ_1_Chain A_PROTEIN _BETA-LACTOGLOBULIN__Bos taurus _9913_,K,0.25868675112724304, 0.208682581782341
1BSQ_1_Chain A_PROTEIN _BETA-LACTOGLOBULIN__Bos taurus _9913_,I,0.13958489894866943, 0.2137902213467492
1BSQ_1_Chain A_PROTEIN _BETA-LACTOGLOBULIN__Bos taurus _9913_,D,0.29053163528442383, 0.2313076059023539
1BSQ_1_Chain A_PROTEIN _BETA-LACTOGLOBULIN__Bos taurus _9913_,A,0.2804134488105774, 0.23175174163447487
1BSQ_1_Chain A_PROTEIN _BETA-LACTOGLOBULIN__Bos taurus _9913_,L,0.2630889415740967, 0.24927428695890638
1BSQ_1_Chain A_PROTEIN _BETA-LACTOGLOBULIN__Bos taurus _9913_,N,0.2673664689064026, 0.2294284643398391
1BSQ_1_Chain A_PROTEIN _BETA-LACTOGLOBULIN__Bos taurus _9913_,E,0.2602108418941498, 0.23636225445402992
1BSQ_1_Chain A_PROTEIN _BETA-LACTOGLOBULIN__Bos taurus _9913_,N,0.2298581600189209, 0.2098503534992536
1BSQ_1_Chain A_PROTEIN _BETA-LACTOGLOBULIN__Bos taurus _9913_,K,0.25372743606567383, 0.19394517855511773
1BSQ_1_Chain A_PROTEIN _BETA-LACTOGLOBULIN__Bos taurus _9913_,V,0.08007434755563736, 0.18241436862283283
1BSQ_1_Chain A_PROTEIN _BETA-LACTOGLOBULIN__Bos taurus _9913_,L,0.20198900997638702, 0.16028201662831837
1BSQ_1_Chain A_PROTEIN _BETA-LACTOGLOBULIN__Bos taurus _9913_,V,0.05192452669143677, 0.14595191925764084
1BSQ_1_Chain A_PROTEIN _BETA-LACTOGLOBULIN__Bos taurus _9913_,L,0.1372668743133545, 0.14237584587600496
1BSQ_1_Chain A_PROTEIN _BETA-LACTOGLOBULIN__Bos taurus _9913_,D,0.15931165218353271, 0.14431285444233152
1BSQ_1_Chain A_PROTEIN _BETA-LACTOGLOBULIN__Bos taurus _9913_,T,0.0681753009557724, 0.16172826290130615
1BSQ_1_Chain A_PROTEIN _BETA-LACTOGLOBULIN__Bos taurus _9913_,D,0.13123996555805206, 0.1459631294839912
1BSQ_1_Chain A_PROTEIN _BETA-LACTOGLOBULIN__Bos taurus _9913_,Y,0.197673499584198, 0.146907366398308
1BSQ_1_Chain A_PROTEIN _BETA-LACTOGLOBULIN__Bos taurus _9913_,K,0.2711605131626129, 0.13900014716717932
1BSQ_1_Chain A_PROTEIN _BETA-LACTOGLOBULIN__Bos taurus _9913_,K,0.236813023686409, 0.1335229728784826
1BSQ_1_Chain A_PROTEIN _BETA-LACTOGLOBULIN__Bos taurus _9913_,Y,0.060102809220552444, 0.13785366838177046
1BSQ_1_Chain A_PROTEIN _BETA-LACTOGLOBULIN__Bos taurus _9913_,L,0.060422658920288086, 0.1450157624979814
1BSQ_1_Chain A_PROTEIN _BETA-LACTOGLOBULIN__Bos taurus _9913_,L,0.06610190123319626, 0.1486856188211176
1BSQ_1_Chain A_PROTEIN _BETA-LACTOGLOBULIN__Bos taurus _9913_,F,0.1100170835852623, 0.14903736569815212
1BSQ_1_Chain A_PROTEIN _BETA-LACTOGLOBULIN__Bos taurus _9913_,C,0.107151560485363, 0.15482008084654808
1BSQ_1_Chain A_PROTEIN _BETA-LACTOGLOBULIN__Bos taurus _9913_,M,0.1956988126039505, 0.1798582681351238
1BSQ_1_Chain A_PROTEIN _BETA-LACTOGLOBULIN__Bos taurus _9913_,E,0.230702206492424, 0.20563278016116884
1BSQ_1_Chain A_PROTEIN _BETA-LACTOGLOBULIN__Bos taurus _9913_,N,0.27432623505592346, 0.23072730004787445
1BSQ_1_Chain A_PROTEIN _BETA-LACTOGLOBULIN__Bos taurus _9913_,S,0.28885746002197266, 0.2506265731321441
1BSQ_1_Chain A_PROTEIN _BETA-LACTOGLOBULIN__Bos taurus _9913_,A,0.28544649481773376, 0.27108277214898
1BSQ_1_Chain A_PROTEIN _BETA-LACTOGLOBULIN__Bos taurus _9913_,E,0.2923932671546936, 0.2762361466884613
1BSQ_1_Chain A_PROTEIN _BETA-LACTOGLOBULIN__Bos taurus _9913_,P,0.29195258021354675, 0.27821121282047695
1BSQ_1_Chain A_PROTEIN _BETA-LACTOGLOBULIN__Bos taurus _9913_,E,0.28911054134368896, 0.2669585049152374
1BSQ_1_Chain A_PROTEIN _BETA-LACTOGLOBULIN__Bos taurus _9913_,Q,0.2912573516368866, 0.2421147409412596
1BSQ_1_Chain A_PROTEIN _BETA-LACTOGLOBULIN__Bos taurus _9913_,S,0.24207918345928192, 0.23129779431555006
1BSQ_1_Chain A_PROTEIN _BETA-LACTOGLOBULIN__Bos taurus _9913_,L,0.24847780168056488, 0.20609444876511893
1BSQ_1_Chain A_PROTEIN _BETA-LACTOGLOBULIN__Bos taurus _9913_,A,0.1730518639087677, 0.18618791384829414
1BSQ_1_Chain A_PROTEIN _BETA-LACTOGLOBULIN__Bos taurus _9913_,C,0.06526358425617218, 0.16817124436299005
1BSQ_1_Chain A_PROTEIN _BETA-LACTOGLOBULIN__Bos taurus _9913_,Q,0.18809397518634796, 0.15435774375995
1BSQ_1_Chain A_PROTEIN _BETA-LACTOGLOBULIN__Bos taurus _9913_,C,0.0655631572008133, 0.15294494976600012
1BSQ_1_Chain A_PROTEIN _BETA-LACTOGLOBULIN__Bos taurus _9913_,L,0.11279376596212387, 0.1509663603372044
1BSQ_1_Chain A_PROTEIN _BETA-LACTOGLOBULIN__Bos taurus _9913_,V,0.12696051597595215, 0.16149712022807863
1BSQ_1_Chain A_PROTEIN _BETA-LACTOGLOBULIN__Bos taurus _9913_,R,0.16693584620952606, 0.17181133644448388
1BSQ_1_Chain A_PROTEIN _BETA-LACTOGLOBULIN__Bos taurus _9913_,T,0.2293640375137329, 0.16951072298818165
1BSQ_1_Chain A_PROTEIN _BETA-LACTOGLOBULIN__Bos taurus _9913_,P,0.2306704968214035, 0.1947381090786722
1BSQ_1_Chain A_PROTEIN _BETA-LACTOGLOBULIN__Bos taurus _9913_,E,0.26782870292663574, 0.2122255629963345
1BSQ_1_Chain A_PROTEIN _BETA-LACTOGLOBULIN__Bos taurus _9913_,V,0.15809153020381927, 0.20474758951200378
1BSQ_1_Chain A_PROTEIN _BETA-LACTOGLOBULIN__Bos taurus _9913_,D,0.167388454079628, 0.2045034339858426
1BSQ_1_Chain A_PROTEIN _BETA-LACTOGLOBULIN__Bos taurus _9913_,D,0.29260963201522827, 0.21057707774970266
1BSQ_1_Chain A_PROTEIN _BETA-LACTOGLOBULIN__Bos taurus _9913_,E,0.2701808512210846, 0.20137984595364994
1BSQ_1_Chain A_PROTEIN _BETA-LACTOGLOBULIN__Bos taurus _9913_,A,0.059658754616975784, 0.17827333592706257
1BSQ_1_Chain A_PROTEIN _BETA-LACTOGLOBULIN__Bos taurus _9913_,L,0.16473844647407532, 0.19024498677915996
1BSQ_1_Chain A_PROTEIN _BETA-LACTOGLOBULIN__Bos taurus _9913_,E,0.2840268313884735, 0.19860461437039906
1BSQ_1_Chain A_PROTEIN _BETA-LACTOGLOBULIN__Bos taurus _9913_,K,0.14789541065692902, 0.17456312477588654
1BSQ_1_Chain A_PROTEIN _BETA-LACTOGLOBULIN__Bos taurus _9913_,F,0.05987011268734932, 0.15239433530304167
1BSQ_1_Chain A_PROTEIN _BETA-LACTOGLOBULIN__Bos taurus _9913_,D,0.2658363878726959, 0.17371117282244894
1BSQ_1_Chain A_PROTEIN _BETA-LACTOGLOBULIN__Bos taurus _9913_,K,0.24262510240077972, 0.18438205329908264
1BSQ_1_Chain A_PROTEIN _BETA-LACTOGLOBULIN__Bos taurus _9913_,A,0.07623622566461563, 0.16989690106776026
1BSQ_1_Chain A_PROTEIN _BETA-LACTOGLOBULIN__Bos taurus _9913_,L,0.0706617459654808, 0.1832601283159521
1BSQ_1_Chain A_PROTEIN _BETA-LACTOGLOBULIN__Bos taurus _9913_,K,0.25151029229164124, 0.2043234176105923
1BSQ_1_Chain A_PROTEIN _BETA-LACTOGLOBULIN__Bos taurus _9913_,A,0.2607763707637787, 0.20732942554685804
1BSQ_1_Chain A_PROTEIN _BETA-LACTOGLOBULIN__Bos taurus _9913_,L,0.15366046130657196, 0.20504213041729397
1BSQ_1_Chain A_PROTEIN _BETA-LACTOGLOBULIN__Bos taurus _9913_,P,0.2681644558906555, 0.22890348815255696
1BSQ_1_Chain A_PROTEIN _BETA-LACTOGLOBULIN__Bos taurus _9913_,M,0.24943971633911133, 0.2522459692425198
1BSQ_1_Chain A_PROTEIN _BETA-LACTOGLOBULIN__Bos taurus _9913_,H,0.2928904592990875, 0.25102565189202625
1BSQ_1_Chain A_PROTEIN _BETA-LACTOGLOBULIN__Bos taurus _9913_,I,0.22203944623470306, 0.25109586616357166
1BSQ_1_Chain A_PROTEIN _BETA-LACTOGLOBULIN__Bos taurus _9913_,R,0.2909884452819824, 0.25913455916775596
1BSQ_1_Chain A_PROTEIN _BETA-LACTOGLOBULIN__Bos taurus _9913_,L,0.2807440757751465, 0.25267403490013546
1BSQ_1_Chain A_PROTEIN _BETA-LACTOGLOBULIN__Bos taurus _9913_,S,0.2405274361371994, 0.24641978409555224
1BSQ_1_Chain A_PROTEIN _BETA-LACTOGLOBULIN__Bos taurus _9913_,F,0.2614082992076874, 0.2392724719312456
1BSQ_1_Chain A_PROTEIN _BETA-LACTOGLOBULIN__Bos taurus _9913_,N,0.22600869834423065, 0.2452692902750439
1BSQ_1_Chain A_PROTEIN _BETA-LACTOGLOBULIN__Bos taurus _9913_,P,0.21001973748207092, 0.2442419876654943
1BSQ_1_Chain A_PROTEIN _BETA-LACTOGLOBULIN__Bos taurus _9913_,T,0.19315145909786224, 0.24403902060455746
1BSQ_1_Chain A_PROTEIN _BETA-LACTOGLOBULIN__Bos taurus _9913_,Q,0.22856464982032776, 0.24699853857358298
1BSQ_1_Chain A_PROTEIN _BETA-LACTOGLOBULIN__Bos taurus _9913_,L,0.27601081132888794, 0.2351005623737971
1BSQ_1_Chain A_PROTEIN _BETA-LACTOGLOBULIN__Bos taurus _9913_,E,0.28174272179603577, 0.23412350316842398
1BSQ_1_Chain A_PROTEIN _BETA-LACTOGLOBULIN__Bos taurus _9913_,E,0.2789173722267151, 0.2326815062099033
1BSQ_1_Chain A_PROTEIN _BETA-LACTOGLOBULIN__Bos taurus _9913_,Q,0.26716309785842896, 0.21122023297680748
1BSQ_1_Chain A_PROTEIN _BETA-LACTOGLOBULIN__Bos taurus _9913_,C,0.15432651340961456, 0.18582416077454886
1BSQ_1_Chain A_PROTEIN _BETA-LACTOGLOBULIN__Bos taurus _9913_,H,0.2172151654958725, 0.15515629284911686
1BSQ_1_Chain A_PROTEIN _BETA-LACTOGLOBULIN__Bos taurus _9913_,I,0.19704176485538483, 0.12385154598289067